{
  "version": "3.93.33359.0",
  "course_id": "6kYqAgzzdc8",
  "title": "Lead Generation",
  "thumbnail": "story_content/thumbnail.jpg",
  "scenes": [
    {
      "title": "Lead Generation"
    }
  ],
  "slides": [
    {
      "id": "5ZjsZpaDyI6",
      "title": "Lead Generation",
      "scene_index": "1.1"
    },
    {
      "id": "5vyT1iJdDjW",
      "title": "Virtual Vacations",
      "scene_index": "1.2"
    },
    {
      "id": "5WfdNkhq3jw",
      "title": "A Word From The VP of Sales",
      "scene_index": "1.3"
    },
    {
      "id": "62xsEuiyxfD",
      "title": "Lead Generation Video",
      "scene_index": "1.4"
    },
    {
      "id": "5Z4lSZu4HPN",
      "title": "Knowledge Check",
      "scene_index": "1.5"
    },
    {
      "id": "66PxQxxsIKC",
      "title": "Pick One",
      "scene_index": "1.6"
    },
    {
      "id": "6M2gR0JGe5q",
      "title": "Pick One",
      "scene_index": "1.7"
    },
    {
      "id": "5cdH74x1Yya",
      "title": "Pick One",
      "scene_index": "1.8"
    },
    {
      "id": "6SESmWjbetV",
      "title": "Untitled Slide",
      "scene_index": "1.9"
    }
  ],
  "player": {
    "name": "unified",
    "width": 1220,
    "height": 658
  },
  "stage": {
    "width": 960,
    "height": 540
  }
}